<?xml version="1.0" encoding="UTF-8"?>
<project-private xmlns="http://www.netbeans.org/ns/project-private/1">
    <editor-bookmarks xmlns="http://www.netbeans.org/ns/editor-bookmarks/1"/>
    <editor-bookmarks xmlns="http://www.netbeans.org/ns/editor-bookmarks/2" lastBookmarkId="0"/>
    <open-files xmlns="http://www.netbeans.org/ns/projectui-open-files/2">
        <group>
            <file>file:/home/geovanny/Documentos/pro/ProyectoListasEnlazadas/src/principal/index.java</file>
            <file>file:/home/geovanny/Documentos/pro/ProyectoListasEnlazadas/src/imagenes/nodod2.png</file>
            <file>file:/home/geovanny/Documentos/pro/ProyectoListasEnlazadas/src/imagenes/nodod3.png</file>
            <file>file:/home/geovanny/Documentos/pro/ProyectoListasEnlazadas/src/imagenes/nododob.png</file>
            <file>file:/home/geovanny/Documentos/pro/ProyectoListasEnlazadas/src/imagenes/nododob3.png</file>
        </group>
    </open-files>
</project-private>
